file,line,type,commit,author,date,time,timezone,datetime,depth,length
style.css,1,css,1604f316,Sahar Zahir,2026-04-10,16:35:08,-07:00,2026-04-10T16:35:08-07:00,0,5
style.css,2,css,0e380bdd,Sahar Zahir,2026-04-10,16:50:02,-07:00,2026-04-10T16:50:02-07:00,1,45
style.css,3,css,1604f316,Sahar Zahir,2026-04-10,16:35:08,-07:00,2026-04-10T16:35:08-07:00,1,32
style.css,4,css,1604f316,Sahar Zahir,2026-04-10,16:35:08,-07:00,2026-04-10T16:35:08-07:00,0,0
style.css,5,css,1604f316,Sahar Zahir,2026-04-10,16:35:08,-07:00,2026-04-10T16:35:08-07:00,0,0
style.css,6,css,3e313013,Sahar Zahir,2026-04-10,16:17:46,-07:00,2026-04-10T16:17:46-07:00,0,4
style.css,7,css,3e313013,Sahar Zahir,2026-04-10,16:17:46,-07:00,2026-04-10T16:17:46-07:00,1,23
style.css,8,css,3e313013,Sahar Zahir,2026-04-10,16:17:46,-07:00,2026-04-10T16:17:46-07:00,1,15
style.css,9,css,3e313013,Sahar Zahir,2026-04-10,16:17:46,-07:00,2026-04-10T16:17:46-07:00,1,18
style.css,10,css,3e313013,Sahar Zahir,2026-04-10,16:17:46,-07:00,2026-04-10T16:17:46-07:00,1,12
style.css,11,css,3e313013,Sahar Zahir,2026-04-10,16:17:46,-07:00,2026-04-10T16:17:46-07:00,0,0
style.css,12,css,3e313013,Sahar Zahir,2026-04-10,16:17:46,-07:00,2026-04-10T16:17:46-07:00,0,0
style.css,13,css,fb26b767,Sahar Zahir,2026-04-17,15:16:45,-07:00,2026-04-17T15:16:45-07:00,0,4
style.css,14,css,fb26b767,Sahar Zahir,2026-04-17,15:16:45,-07:00,2026-04-17T15:16:45-07:00,1,23
style.css,15,css,fb26b767,Sahar Zahir,2026-04-17,15:16:45,-07:00,2026-04-17T15:16:45-07:00,0,0
style.css,16,css,fb26b767,Sahar Zahir,2026-04-17,15:16:45,-07:00,2026-04-17T15:16:45-07:00,0,0
style.css,17,css,1604f316,Sahar Zahir,2026-04-10,16:35:08,-07:00,2026-04-10T16:35:08-07:00,0,3
style.css,18,css,b877eb6c,Sahar Zahir,2026-04-17,16:05:27,-07:00,2026-04-17T16:05:27-07:00,1,39
style.css,19,css,1604f316,Sahar Zahir,2026-04-10,16:35:08,-07:00,2026-04-10T16:35:08-07:00,1,12
style.css,20,css,1604f316,Sahar Zahir,2026-04-10,16:35:08,-07:00,2026-04-10T16:35:08-07:00,1,20
style.css,21,css,537379a8,Sahar Zahir,2026-04-17,15:38:13,-07:00,2026-04-17T15:38:13-07:00,1,43
style.css,22,css,1604f316,Sahar Zahir,2026-04-10,16:35:08,-07:00,2026-04-10T16:35:08-07:00,0,0
style.css,23,css,1604f316,Sahar Zahir,2026-04-10,16:35:08,-07:00,2026-04-10T16:35:08-07:00,0,0
style.css,24,css,865d2843,Sahar Zahir,2026-04-10,16:10:45,-07:00,2026-04-10T16:10:45-07:00,0,5
style.css,25,css,865d2843,Sahar Zahir,2026-04-10,16:10:45,-07:00,2026-04-10T16:10:45-07:00,1,6
style.css,26,css,865d2843,Sahar Zahir,2026-04-10,16:10:45,-07:00,2026-04-10T16:10:45-07:00,1,20
style.css,27,css,865d2843,Sahar Zahir,2026-04-10,16:10:45,-07:00,2026-04-10T16:10:45-07:00,1,13
style.css,28,css,865d2843,Sahar Zahir,2026-04-10,16:10:45,-07:00,2026-04-10T16:10:45-07:00,1,17
style.css,29,css,865d2843,Sahar Zahir,2026-04-10,16:10:45,-07:00,2026-04-10T16:10:45-07:00,1,13
style.css,30,css,865d2843,Sahar Zahir,2026-04-10,16:10:45,-07:00,2026-04-10T16:10:45-07:00,0,0
style.css,31,css,865d2843,Sahar Zahir,2026-04-10,16:10:45,-07:00,2026-04-10T16:10:45-07:00,0,0
style.css,32,css,1604f316,Sahar Zahir,2026-04-10,16:35:08,-07:00,2026-04-10T16:35:08-07:00,0,13
style.css,33,css,b877eb6c,Sahar Zahir,2026-04-17,16:05:27,-07:00,2026-04-17T16:05:27-07:00,1,45
style.css,34,css,1604f316,Sahar Zahir,2026-04-10,16:35:08,-07:00,2026-04-10T16:35:08-07:00,1,20
style.css,35,css,1604f316,Sahar Zahir,2026-04-10,16:35:08,-07:00,2026-04-10T16:35:08-07:00,0,0
style.css,36,css,1604f316,Sahar Zahir,2026-04-10,16:35:08,-07:00,2026-04-10T16:35:08-07:00,0,0
style.css,37,css,3e313013,Sahar Zahir,2026-04-10,16:17:46,-07:00,2026-04-10T16:17:46-07:00,0,11
style.css,38,css,865d2843,Sahar Zahir,2026-04-10,16:10:45,-07:00,2026-04-10T16:10:45-07:00,1,45
style.css,39,css,537379a8,Sahar Zahir,2026-04-17,15:38:13,-07:00,2026-04-17T15:38:13-07:00,1,69
style.css,40,css,95865ee4,Sahar Zahir,2026-04-10,17:13:41,-07:00,2026-04-10T17:13:41-07:00,0,0
style.css,41,css,95865ee4,Sahar Zahir,2026-04-10,17:13:41,-07:00,2026-04-10T17:13:41-07:00,0,0
style.css,42,css,95865ee4,Sahar Zahir,2026-04-10,17:13:41,-07:00,2026-04-10T17:13:41-07:00,0,4
style.css,43,css,95865ee4,Sahar Zahir,2026-04-10,17:13:41,-07:00,2026-04-10T17:13:41-07:00,0,7
style.css,44,css,7bce5fdf,Sahar Zahir,2026-04-17,15:38:44,-07:00,2026-04-17T15:38:44-07:00,0,5
style.css,45,css,7bce5fdf,Sahar Zahir,2026-04-17,15:38:44,-07:00,2026-04-17T15:38:44-07:00,0,6
style.css,46,css,95865ee4,Sahar Zahir,2026-04-10,17:13:41,-07:00,2026-04-10T17:13:41-07:00,1,12
style.css,47,css,95865ee4,Sahar Zahir,2026-04-10,17:13:41,-07:00,2026-04-10T17:13:41-07:00,0,0
style.css,48,css,95865ee4,Sahar Zahir,2026-04-10,17:13:41,-07:00,2026-04-10T17:13:41-07:00,0,0
style.css,49,css,95865ee4,Sahar Zahir,2026-04-10,17:13:41,-07:00,2026-04-10T17:13:41-07:00,0,4
style.css,50,css,95865ee4,Sahar Zahir,2026-04-10,17:13:41,-07:00,2026-04-10T17:13:41-07:00,1,12
style.css,51,css,95865ee4,Sahar Zahir,2026-04-10,17:13:41,-07:00,2026-04-10T17:13:41-07:00,1,30
style.css,52,css,95865ee4,Sahar Zahir,2026-04-10,17:13:41,-07:00,2026-04-10T17:13:41-07:00,1,7
style.css,53,css,95865ee4,Sahar Zahir,2026-04-10,17:13:41,-07:00,2026-04-10T17:13:41-07:00,0,0
style.css,54,css,95865ee4,Sahar Zahir,2026-04-10,17:13:41,-07:00,2026-04-10T17:13:41-07:00,0,0
style.css,55,css,86a72744,Sahar Zahir,2026-04-17,16:16:00,-07:00,2026-04-17T16:16:00-07:00,0,10
style.css,56,css,95865ee4,Sahar Zahir,2026-04-10,17:13:41,-07:00,2026-04-10T17:13:41-07:00,1,12
style.css,57,css,95865ee4,Sahar Zahir,2026-04-10,17:13:41,-07:00,2026-04-10T17:13:41-07:00,1,29
style.css,58,css,95865ee4,Sahar Zahir,2026-04-10,17:13:41,-07:00,2026-04-10T17:13:41-07:00,1,18
style.css,59,css,95865ee4,Sahar Zahir,2026-04-10,17:13:41,-07:00,2026-04-10T17:13:41-07:00,0,0
style.css,60,css,95865ee4,Sahar Zahir,2026-04-10,17:13:41,-07:00,2026-04-10T17:13:41-07:00,0,0
style.css,61,css,95865ee4,Sahar Zahir,2026-04-10,17:13:41,-07:00,2026-04-10T17:13:41-07:00,0,6
style.css,62,css,95865ee4,Sahar Zahir,2026-04-10,17:13:41,-07:00,2026-04-10T17:13:41-07:00,1,18
style.css,63,css,caeacb79,Sahar Zahir,2026-04-10,17:36:16,-07:00,2026-04-10T17:36:16-07:00,0,0
style.css,64,css,caeacb79,Sahar Zahir,2026-04-10,17:36:16,-07:00,2026-04-10T17:36:16-07:00,0,0
style.css,65,css,caeacb79,Sahar Zahir,2026-04-10,17:36:16,-07:00,2026-04-10T17:36:16-07:00,0,9
style.css,66,css,caeacb79,Sahar Zahir,2026-04-10,17:36:16,-07:00,2026-04-10T17:36:16-07:00,1,12
style.css,67,css,af24cfa6,Sahar Zahir,2026-04-10,18:13:01,-07:00,2026-04-10T18:13:01-07:00,1,58
style.css,68,css,caeacb79,Sahar Zahir,2026-04-10,17:36:16,-07:00,2026-04-10T17:36:16-07:00,1,7
style.css,69,css,caeacb79,Sahar Zahir,2026-04-10,17:36:16,-07:00,2026-04-10T17:36:16-07:00,0,0
style.css,70,css,caeacb79,Sahar Zahir,2026-04-10,17:36:16,-07:00,2026-04-10T17:36:16-07:00,0,0
style.css,71,css,caeacb79,Sahar Zahir,2026-04-10,17:36:16,-07:00,2026-04-10T17:36:16-07:00,0,17
style.css,72,css,caeacb79,Sahar Zahir,2026-04-10,17:36:16,-07:00,2026-04-10T17:36:16-07:00,1,12
style.css,73,css,caeacb79,Sahar Zahir,2026-04-10,17:36:16,-07:00,2026-04-10T17:36:16-07:00,1,26
style.css,74,css,caeacb79,Sahar Zahir,2026-04-10,17:36:16,-07:00,2026-04-10T17:36:16-07:00,1,15
style.css,75,css,caeacb79,Sahar Zahir,2026-04-10,17:36:16,-07:00,2026-04-10T17:36:16-07:00,0,0
style.css,76,css,caeacb79,Sahar Zahir,2026-04-10,17:36:16,-07:00,2026-04-10T17:36:16-07:00,0,0
style.css,77,css,caeacb79,Sahar Zahir,2026-04-10,17:36:16,-07:00,2026-04-10T17:36:16-07:00,0,12
style.css,78,css,caeacb79,Sahar Zahir,2026-04-10,17:36:16,-07:00,2026-04-10T17:36:16-07:00,1,8
style.css,79,css,2f1d2850,Sahar Zahir,2026-04-10,17:49:08,-07:00,2026-04-10T17:49:08-07:00,0,0
style.css,80,css,2f1d2850,Sahar Zahir,2026-04-10,17:49:08,-07:00,2026-04-10T17:49:08-07:00,0,0
style.css,81,css,2f1d2850,Sahar Zahir,2026-04-10,17:49:08,-07:00,2026-04-10T17:49:08-07:00,0,2
style.css,82,css,2f1d2850,Sahar Zahir,2026-04-10,17:49:08,-07:00,2026-04-10T17:49:08-07:00,1,14
style.css,83,css,2f1d2850,Sahar Zahir,2026-04-10,17:49:08,-07:00,2026-04-10T17:49:08-07:00,0,0
style.css,84,css,2f1d2850,Sahar Zahir,2026-04-10,17:49:08,-07:00,2026-04-10T17:49:08-07:00,0,0
style.css,85,css,2f1d2850,Sahar Zahir,2026-04-10,17:49:08,-07:00,2026-04-10T17:49:08-07:00,0,22
style.css,86,css,2f1d2850,Sahar Zahir,2026-04-10,17:49:08,-07:00,2026-04-10T17:49:08-07:00,1,15
style.css,87,css,2f1d2850,Sahar Zahir,2026-04-10,17:49:08,-07:00,2026-04-10T17:49:08-07:00,1,17
style.css,88,css,6939bf9a,Sahar Zahir,2026-04-10,21:30:11,-07:00,2026-04-10T21:30:11-07:00,0,0
style.css,89,css,6939bf9a,Sahar Zahir,2026-04-10,21:30:11,-07:00,2026-04-10T21:30:11-07:00,0,0
style.css,90,css,6939bf9a,Sahar Zahir,2026-04-10,21:30:11,-07:00,2026-04-10T21:30:11-07:00,0,4
style.css,91,css,6939bf9a,Sahar Zahir,2026-04-10,21:30:11,-07:00,2026-04-10T21:30:11-07:00,1,14
style.css,92,css,6939bf9a,Sahar Zahir,2026-04-10,21:30:11,-07:00,2026-04-10T21:30:11-07:00,0,0
style.css,93,css,6939bf9a,Sahar Zahir,2026-04-10,21:30:11,-07:00,2026-04-10T21:30:11-07:00,0,0
style.css,94,css,6939bf9a,Sahar Zahir,2026-04-10,21:30:11,-07:00,2026-04-10T21:30:11-07:00,0,7
style.css,95,css,6939bf9a,Sahar Zahir,2026-04-10,21:30:11,-07:00,2026-04-10T21:30:11-07:00,1,18
style.css,96,css,6939bf9a,Sahar Zahir,2026-04-10,21:30:11,-07:00,2026-04-10T21:30:11-07:00,0,0
style.css,97,css,6939bf9a,Sahar Zahir,2026-04-10,21:30:11,-07:00,2026-04-10T21:30:11-07:00,0,0
style.css,98,css,6939bf9a,Sahar Zahir,2026-04-10,21:30:11,-07:00,2026-04-10T21:30:11-07:00,0,10
style.css,99,css,6939bf9a,Sahar Zahir,2026-04-10,21:30:11,-07:00,2026-04-10T21:30:11-07:00,1,41
style.css,100,css,6939bf9a,Sahar Zahir,2026-04-10,21:30:11,-07:00,2026-04-10T21:30:11-07:00,1,21
style.css,101,css,6939bf9a,Sahar Zahir,2026-04-10,21:30:11,-07:00,2026-04-10T21:30:11-07:00,0,0
style.css,102,css,6939bf9a,Sahar Zahir,2026-04-10,21:30:11,-07:00,2026-04-10T21:30:11-07:00,0,0
style.css,103,css,6939bf9a,Sahar Zahir,2026-04-10,21:30:11,-07:00,2026-04-10T21:30:11-07:00,0,2
style.css,104,css,6939bf9a,Sahar Zahir,2026-04-10,21:30:11,-07:00,2026-04-10T21:30:11-07:00,1,19
style.css,105,css,86a72744,Sahar Zahir,2026-04-17,16:16:00,-07:00,2026-04-17T16:16:00-07:00,0,0
style.css,106,css,86a72744,Sahar Zahir,2026-04-17,16:16:00,-07:00,2026-04-17T16:16:00-07:00,0,0
style.css,107,css,86a72744,Sahar Zahir,2026-04-17,16:16:00,-07:00,2026-04-17T16:16:00-07:00,0,13
style.css,108,css,86a72744,Sahar Zahir,2026-04-17,16:16:00,-07:00,2026-04-17T16:16:00-07:00,1,17
style.css,109,css,86a72744,Sahar Zahir,2026-04-17,16:16:00,-07:00,2026-04-17T16:16:00-07:00,1,8
style.css,110,css,86a72744,Sahar Zahir,2026-04-17,16:16:00,-07:00,2026-04-17T16:16:00-07:00,1,10
style.css,111,css,86a72744,Sahar Zahir,2026-04-17,16:16:00,-07:00,2026-04-17T16:16:00-07:00,1,13
style.css,112,css,80ae0f6b,Sahar Zahir,2026-05-01,15:50:33,-07:00,2026-05-01T15:50:33-07:00,0,0
style.css,113,css,80ae0f6b,Sahar Zahir,2026-05-01,15:50:33,-07:00,2026-05-01T15:50:33-07:00,0,0
style.css,114,css,3bae3260,Sahar Zahir,2026-05-01,19:38:20,-07:00,2026-05-01T19:38:20-07:00,0,0
style.css,115,css,80ae0f6b,Sahar Zahir,2026-05-01,15:50:33,-07:00,2026-05-01T15:50:33-07:00,0,18
style.css,116,css,0b6ab3c6,Sahar Zahir,2026-05-01,19:42:19,-07:00,2026-05-01T19:42:19-07:00,1,14
style.css,117,css,0b6ab3c6,Sahar Zahir,2026-05-01,19:42:19,-07:00,2026-05-01T19:42:19-07:00,1,16
style.css,118,css,b72e9a39,Sahar Zahir,2026-05-01,19:20:14,-07:00,2026-05-01T19:20:14-07:00,1,16
style.css,119,css,b72e9a39,Sahar Zahir,2026-05-01,19:20:14,-07:00,2026-05-01T19:20:14-07:00,0,0
style.css,120,css,b72e9a39,Sahar Zahir,2026-05-01,19:20:14,-07:00,2026-05-01T19:20:14-07:00,0,0
style.css,121,css,b72e9a39,Sahar Zahir,2026-05-01,19:20:14,-07:00,2026-05-01T19:20:14-07:00,0,7
style.css,122,css,b72e9a39,Sahar Zahir,2026-05-01,19:20:14,-07:00,2026-05-01T19:20:14-07:00,1,12
style.css,123,css,b72e9a39,Sahar Zahir,2026-05-01,19:20:14,-07:00,2026-05-01T19:20:14-07:00,1,57
style.css,124,css,b72e9a39,Sahar Zahir,2026-05-01,19:20:14,-07:00,2026-05-01T19:20:14-07:00,1,7
style.css,125,css,b72e9a39,Sahar Zahir,2026-05-01,19:20:14,-07:00,2026-05-01T19:20:14-07:00,0,0
style.css,126,css,b72e9a39,Sahar Zahir,2026-05-01,19:20:14,-07:00,2026-05-01T19:20:14-07:00,0,0
style.css,127,css,b72e9a39,Sahar Zahir,2026-05-01,19:20:14,-07:00,2026-05-01T19:20:14-07:00,0,10
style.css,128,css,b72e9a39,Sahar Zahir,2026-05-01,19:20:14,-07:00,2026-05-01T19:20:14-07:00,1,12
style.css,129,css,b72e9a39,Sahar Zahir,2026-05-01,19:20:14,-07:00,2026-05-01T19:20:14-07:00,1,18
style.css,130,css,b72e9a39,Sahar Zahir,2026-05-01,19:20:14,-07:00,2026-05-01T19:20:14-07:00,1,9
style.css,131,css,b72e9a39,Sahar Zahir,2026-05-01,19:20:14,-07:00,2026-05-01T19:20:14-07:00,0,0
style.css,132,css,b72e9a39,Sahar Zahir,2026-05-01,19:20:14,-07:00,2026-05-01T19:20:14-07:00,0,0
style.css,133,css,b72e9a39,Sahar Zahir,2026-05-01,19:20:14,-07:00,2026-05-01T19:20:14-07:00,0,7
style.css,134,css,b72e9a39,Sahar Zahir,2026-05-01,19:20:14,-07:00,2026-05-01T19:20:14-07:00,1,9
style.css,135,css,dedc87d7,Sahar Zahir,2026-05-01,19:51:59,-07:00,2026-05-01T19:51:59-07:00,1,18
style.css,136,css,b72e9a39,Sahar Zahir,2026-05-01,19:20:14,-07:00,2026-05-01T19:20:14-07:00,1,23
style.css,137,css,b72e9a39,Sahar Zahir,2026-05-01,19:20:14,-07:00,2026-05-01T19:20:14-07:00,1,20
style.css,138,css,2c6f4507,Sahar Zahir,2026-05-01,19:49:24,-07:00,2026-05-01T19:49:24-07:00,1,17
style.css,139,css,b72e9a39,Sahar Zahir,2026-05-01,19:20:14,-07:00,2026-05-01T19:20:14-07:00,0,0
style.css,140,css,b72e9a39,Sahar Zahir,2026-05-01,19:20:14,-07:00,2026-05-01T19:20:14-07:00,0,0
style.css,141,css,dedc87d7,Sahar Zahir,2026-05-01,19:51:59,-07:00,2026-05-01T19:51:59-07:00,0,10
style.css,142,css,dedc87d7,Sahar Zahir,2026-05-01,19:51:59,-07:00,2026-05-01T19:51:59-07:00,1,12
style.css,143,css,dedc87d7,Sahar Zahir,2026-05-01,19:51:59,-07:00,2026-05-01T19:51:59-07:00,1,18
style.css,144,css,dedc87d7,Sahar Zahir,2026-05-01,19:51:59,-07:00,2026-05-01T19:51:59-07:00,1,7
style.css,145,css,dedc87d7,Sahar Zahir,2026-05-01,19:51:59,-07:00,2026-05-01T19:51:59-07:00,0,0
style.css,146,css,dedc87d7,Sahar Zahir,2026-05-01,19:51:59,-07:00,2026-05-01T19:51:59-07:00,0,0
style.css,147,css,dedc87d7,Sahar Zahir,2026-05-01,19:51:59,-07:00,2026-05-01T19:51:59-07:00,0,7
style.css,148,css,dedc87d7,Sahar Zahir,2026-05-01,19:51:59,-07:00,2026-05-01T19:51:59-07:00,1,6
style.css,149,css,dedc87d7,Sahar Zahir,2026-05-01,19:51:59,-07:00,2026-05-01T19:51:59-07:00,0,0
style.css,150,css,dedc87d7,Sahar Zahir,2026-05-01,19:51:59,-07:00,2026-05-01T19:51:59-07:00,0,0
style.css,151,css,b72e9a39,Sahar Zahir,2026-05-01,19:20:14,-07:00,2026-05-01T19:20:14-07:00,0,23
style.css,152,css,b72e9a39,Sahar Zahir,2026-05-01,19:20:14,-07:00,2026-05-01T19:20:14-07:00,1,14
style.css,153,css,b72e9a39,Sahar Zahir,2026-05-01,19:20:14,-07:00,2026-05-01T19:20:14-07:00,1,16
style.css,154,css,b72e9a39,Sahar Zahir,2026-05-01,19:20:14,-07:00,2026-05-01T19:20:14-07:00,0,0
style.css,155,css,b72e9a39,Sahar Zahir,2026-05-01,19:20:14,-07:00,2026-05-01T19:20:14-07:00,0,0
style.css,156,css,b72e9a39,Sahar Zahir,2026-05-01,19:20:14,-07:00,2026-05-01T19:20:14-07:00,0,51
style.css,157,css,b72e9a39,Sahar Zahir,2026-05-01,19:20:14,-07:00,2026-05-01T19:20:14-07:00,1,11
style.css,158,css,b72e9a39,Sahar Zahir,2026-05-01,19:20:14,-07:00,2026-05-01T19:20:14-07:00,0,0
style.css,159,css,b72e9a39,Sahar Zahir,2026-05-01,19:20:14,-07:00,2026-05-01T19:20:14-07:00,0,0
style.css,160,css,b72e9a39,Sahar Zahir,2026-05-01,19:20:14,-07:00,2026-05-01T19:20:14-07:00,0,9
style.css,161,css,b72e9a39,Sahar Zahir,2026-05-01,19:20:14,-07:00,2026-05-01T19:20:14-07:00,1,35
style.css,162,css,b72e9a39,Sahar Zahir,2026-05-01,19:20:14,-07:00,2026-05-01T19:20:14-07:00,0,0
style.css,163,css,b72e9a39,Sahar Zahir,2026-05-01,19:20:14,-07:00,2026-05-01T19:20:14-07:00,0,0
style.css,164,css,b72e9a39,Sahar Zahir,2026-05-01,19:20:14,-07:00,2026-05-01T19:20:14-07:00,0,18
style.css,165,css,b72e9a39,Sahar Zahir,2026-05-01,19:20:14,-07:00,2026-05-01T19:20:14-07:00,1,17
style.css,166,css,b72e9a39,Sahar Zahir,2026-05-01,19:20:14,-07:00,2026-05-01T19:20:14-07:00,0,0
style.css,167,css,b72e9a39,Sahar Zahir,2026-05-01,19:20:14,-07:00,2026-05-01T19:20:14-07:00,0,0
style.css,168,css,b72e9a39,Sahar Zahir,2026-05-01,19:20:14,-07:00,2026-05-01T19:20:14-07:00,0,17
style.css,169,css,b72e9a39,Sahar Zahir,2026-05-01,19:20:14,-07:00,2026-05-01T19:20:14-07:00,1,16
style.css,170,css,b72e9a39,Sahar Zahir,2026-05-01,19:20:14,-07:00,2026-05-01T19:20:14-07:00,0,0
index.js,1,js,9c7acc76,Sahar Zahir,2026-04-24,22:21:06,-07:00,2026-04-24T22:21:06-07:00,0,71
index.js,2,js,9c7acc76,Sahar Zahir,2026-04-24,22:21:06,-07:00,2026-04-24T22:21:06-07:00,0,0
index.js,3,js,5a918944,Sahar Zahir,2026-04-24,22:13:23,-07:00,2026-04-24T22:13:23-07:00,0,54
index.js,4,js,5a918944,Sahar Zahir,2026-04-24,22:13:23,-07:00,2026-04-24T22:13:23-07:00,0,42
index.js,5,js,9c7acc76,Sahar Zahir,2026-04-24,22:21:06,-07:00,2026-04-24T22:21:06-07:00,0,0
index.js,6,js,9c7acc76,Sahar Zahir,2026-04-24,22:21:06,-07:00,2026-04-24T22:21:06-07:00,0,60
index.js,7,js,9c7acc76,Sahar Zahir,2026-04-24,22:21:06,-07:00,2026-04-24T22:21:06-07:00,0,54
index.js,8,js,9c7acc76,Sahar Zahir,2026-04-24,22:21:06,-07:00,2026-04-24T22:21:06-07:00,0,0
index.js,9,js,9c7acc76,Sahar Zahir,2026-04-24,22:21:06,-07:00,2026-04-24T22:21:06-07:00,0,53
index.js,10,js,9c7acc76,Sahar Zahir,2026-04-24,22:21:06,-07:00,2026-04-24T22:21:06-07:00,0,0
index.js,11,js,9c7acc76,Sahar Zahir,2026-04-24,22:21:06,-07:00,2026-04-24T22:21:06-07:00,0,60
index.js,12,js,9c7acc76,Sahar Zahir,2026-04-24,22:21:06,-07:00,2026-04-24T22:21:06-07:00,0,0
index.js,13,js,9c7acc76,Sahar Zahir,2026-04-24,22:21:06,-07:00,2026-04-24T22:21:06-07:00,0,17
index.js,14,js,9c7acc76,Sahar Zahir,2026-04-24,22:21:06,-07:00,2026-04-24T22:21:06-07:00,1,24
index.js,15,js,9c7acc76,Sahar Zahir,2026-04-24,22:21:06,-07:00,2026-04-24T22:21:06-07:00,2,2
index.js,16,js,9c7acc76,Sahar Zahir,2026-04-24,22:21:06,-07:00,2026-04-24T22:21:06-07:00,3,55
index.js,17,js,9c7acc76,Sahar Zahir,2026-04-24,22:21:06,-07:00,2026-04-24T22:21:06-07:00,3,55
index.js,18,js,9c7acc76,Sahar Zahir,2026-04-24,22:21:06,-07:00,2026-04-24T22:21:06-07:00,3,49
index.js,19,js,9c7acc76,Sahar Zahir,2026-04-24,22:21:06,-07:00,2026-04-24T22:21:06-07:00,3,49
index.js,20,js,9c7acc76,Sahar Zahir,2026-04-24,22:21:06,-07:00,2026-04-24T22:21:06-07:00,2,3
index.js,21,js,9c7acc76,Sahar Zahir,2026-04-24,22:21:06,-07:00,2026-04-24T22:21:06-07:00,1,0
index.js,22,js,9c7acc76,Sahar Zahir,2026-04-24,22:21:06,-07:00,2026-04-24T22:21:06-07:00,0,0
index.html,1,html,f3b98243,Sahar Zahir,2026-04-03,14:07:51,-07:00,2026-04-03T14:07:51-07:00,0,13
index.html,2,html,f3b98243,Sahar Zahir,2026-04-03,14:07:51,-07:00,2026-04-03T14:07:51-07:00,0,14
index.html,3,html,822abf27,Sahar Zahir,2026-04-03,13:05:05,-07:00,2026-04-03T13:05:05-07:00,0,4
index.html,4,html,2275d597,Sahar Zahir,2026-04-03,14:04:07,-07:00,2026-04-03T14:04:07-07:00,1,22
index.html,5,html,2275d597,Sahar Zahir,2026-04-03,14:04:07,-07:00,2026-04-03T14:04:07-07:00,1,70
index.html,6,html,2275d597,Sahar Zahir,2026-04-03,14:04:07,-07:00,2026-04-03T14:04:07-07:00,1,39
index.html,7,html,e863f08d,Sahar Zahir,2026-04-16,23:03:20,-07:00,2026-04-16T23:03:20-07:00,1,38
index.html,8,html,9a0af004,Sahar Zahir,2026-04-16,20:31:12,-07:00,2026-04-16T20:31:12-07:00,1,49
index.html,9,html,822abf27,Sahar Zahir,2026-04-03,13:05:05,-07:00,2026-04-03T13:05:05-07:00,0,5
index.html,10,html,2275d597,Sahar Zahir,2026-04-03,14:04:07,-07:00,2026-04-03T14:04:07-07:00,0,0
index.html,11,html,822abf27,Sahar Zahir,2026-04-03,13:05:05,-07:00,2026-04-03T13:05:05-07:00,0,4
index.html,12,html,e8ab5ab7,Sahar Zahir,2026-04-03,16:10:03,-07:00,2026-04-03T16:10:03-07:00,0,0
index.html,13,html,2275d597,Sahar Zahir,2026-04-03,14:04:07,-07:00,2026-04-03T14:04:07-07:00,1,18
index.html,14,html,d3642f57,Sahar Zahir,2026-04-03,16:39:22,-07:00,2026-04-03T16:39:22-07:00,0,0
index.html,15,html,d3642f57,Sahar Zahir,2026-04-03,16:39:22,-07:00,2026-04-03T16:39:22-07:00,1,65
index.html,16,html,822abf27,Sahar Zahir,2026-04-03,13:05:05,-07:00,2026-04-03T13:05:05-07:00,0,0
index.html,17,html,2275d597,Sahar Zahir,2026-04-03,14:04:07,-07:00,2026-04-03T14:04:07-07:00,1,1
index.html,18,html,f3b98243,Sahar Zahir,2026-04-03,14:07:51,-07:00,2026-04-03T14:07:51-07:00,2,71
index.html,19,html,2275d597,Sahar Zahir,2026-04-03,14:04:07,-07:00,2026-04-03T14:04:07-07:00,2,71
index.html,20,html,f3b98243,Sahar Zahir,2026-04-03,14:07:51,-07:00,2026-04-03T14:07:51-07:00,2,72
index.html,21,html,f3b98243,Sahar Zahir,2026-04-03,14:07:51,-07:00,2026-04-03T14:07:51-07:00,2,54
index.html,22,html,2275d597,Sahar Zahir,2026-04-03,14:04:07,-07:00,2026-04-03T14:04:07-07:00,2,66
index.html,23,html,2275d597,Sahar Zahir,2026-04-03,14:04:07,-07:00,2026-04-03T14:04:07-07:00,3,13
index.html,24,html,f3b98243,Sahar Zahir,2026-04-03,14:07:51,-07:00,2026-04-03T14:07:51-07:00,2,2
index.html,25,html,ea4e4fa7,Sahar Zahir,2026-04-03,16:53:35,-07:00,2026-04-03T16:53:35-07:00,2,39
index.html,26,html,2275d597,Sahar Zahir,2026-04-03,14:04:07,-07:00,2026-04-03T14:04:07-07:00,1,2
index.html,27,html,5a918944,Sahar Zahir,2026-04-24,22:13:23,-07:00,2026-04-24T22:13:23-07:00,0,0
index.html,28,html,5a918944,Sahar Zahir,2026-04-24,22:13:23,-07:00,2026-04-24T22:13:23-07:00,1,22
index.html,29,html,5a918944,Sahar Zahir,2026-04-24,22:13:23,-07:00,2026-04-24T22:13:23-07:00,1,27
index.html,30,html,5a918944,Sahar Zahir,2026-04-24,22:13:23,-07:00,2026-04-24T22:13:23-07:00,0,0
index.html,31,html,9c7acc76,Sahar Zahir,2026-04-24,22:21:06,-07:00,2026-04-24T22:21:06-07:00,1,19
index.html,32,html,9c7acc76,Sahar Zahir,2026-04-24,22:21:06,-07:00,2026-04-24T22:21:06-07:00,1,28
index.html,33,html,9c7acc76,Sahar Zahir,2026-04-24,22:21:06,-07:00,2026-04-24T22:21:06-07:00,0,0
index.html,34,html,5a918944,Sahar Zahir,2026-04-24,22:13:23,-07:00,2026-04-24T22:13:23-07:00,1,50
index.html,35,html,9c7acc76,Sahar Zahir,2026-04-24,22:21:06,-07:00,2026-04-24T22:21:06-07:00,0,0
index.html,36,html,822abf27,Sahar Zahir,2026-04-03,13:05:05,-07:00,2026-04-03T13:05:05-07:00,0,5
index.html,37,html,2275d597,Sahar Zahir,2026-04-03,14:04:07,-07:00,2026-04-03T14:04:07-07:00,0,5
global.js,1,js,869e9238,Sahar Zahir,2026-04-16,16:57:22,-07:00,2026-04-16T16:57:22-07:00,0,25
global.js,2,js,869e9238,Sahar Zahir,2026-04-16,16:57:22,-07:00,2026-04-16T16:57:22-07:00,0,0
global.js,3,js,869e9238,Sahar Zahir,2026-04-16,16:57:22,-07:00,2026-04-16T16:57:22-07:00,0,41
global.js,4,js,aaf997cb,Sahar Zahir,2026-04-24,20:21:40,-07:00,2026-04-24T20:21:40-07:00,1,52
global.js,5,js,ac999722,Sahar Zahir,2026-04-16,21:42:11,-07:00,2026-04-16T21:42:11-07:00,0,0
global.js,6,js,ac999722,Sahar Zahir,2026-04-16,21:42:11,-07:00,2026-04-16T21:42:11-07:00,0,0
global.js,7,js,ac999722,Sahar Zahir,2026-04-16,21:42:11,-07:00,2026-04-16T21:42:11-07:00,0,11
global.js,8,js,aaf997cb,Sahar Zahir,2026-04-24,20:21:40,-07:00,2026-04-24T20:21:40-07:00,1,25
global.js,9,js,aaf997cb,Sahar Zahir,2026-04-24,20:21:40,-07:00,2026-04-24T20:21:40-07:00,1,38
global.js,10,js,aaf997cb,Sahar Zahir,2026-04-24,20:21:40,-07:00,2026-04-24T20:21:40-07:00,1,36
global.js,11,js,aaf997cb,Sahar Zahir,2026-04-24,20:21:40,-07:00,2026-04-24T20:21:40-07:00,1,34
global.js,12,js,aaf997cb,Sahar Zahir,2026-04-24,20:21:40,-07:00,2026-04-24T20:21:40-07:00,1,56
global.js,13,js,aaf997cb,Sahar Zahir,2026-04-24,20:21:40,-07:00,2026-04-24T20:21:40-07:00,1,0
global.js,14,js,aaf997cb,Sahar Zahir,2026-04-24,20:21:40,-07:00,2026-04-24T20:21:40-07:00,2,56
global.js,15,js,aaf997cb,Sahar Zahir,2026-04-24,20:21:40,-07:00,2026-04-24T20:21:40-07:00,2,15
global.js,16,js,aaf997cb,Sahar Zahir,2026-04-24,20:21:40,-07:00,2026-04-24T20:21:40-07:00,1,0
global.js,17,js,ac999722,Sahar Zahir,2026-04-16,21:42:11,-07:00,2026-04-16T21:42:11-07:00,0,0
global.js,18,js,ac999722,Sahar Zahir,2026-04-16,21:42:11,-07:00,2026-04-16T21:42:11-07:00,0,0
global.js,19,js,ac999722,Sahar Zahir,2026-04-16,21:42:11,-07:00,2026-04-16T21:42:11-07:00,0,38
global.js,20,js,ac999722,Sahar Zahir,2026-04-16,21:42:11,-07:00,2026-04-16T21:42:11-07:00,0,25
global.js,21,js,ac999722,Sahar Zahir,2026-04-16,21:42:11,-07:00,2026-04-16T21:42:11-07:00,0,0
global.js,22,js,aaf997cb,Sahar Zahir,2026-04-24,20:21:40,-07:00,2026-04-24T20:21:40-07:00,0,15
global.js,23,js,aaf997cb,Sahar Zahir,2026-04-24,20:21:40,-07:00,2026-04-24T20:21:40-07:00,1,66
global.js,24,js,aaf997cb,Sahar Zahir,2026-04-24,20:21:40,-07:00,2026-04-24T20:21:40-07:00,2,3
global.js,25,js,aaf997cb,Sahar Zahir,2026-04-24,20:21:40,-07:00,2026-04-24T20:21:40-07:00,2,14
global.js,26,js,98463c9d,Sahar Zahir,2026-04-16,22:14:35,-07:00,2026-04-16T22:14:35-07:00,0,0
global.js,27,js,ac999722,Sahar Zahir,2026-04-16,21:42:11,-07:00,2026-04-16T21:42:11-07:00,0,20
global.js,28,js,aaf997cb,Sahar Zahir,2026-04-24,20:21:40,-07:00,2026-04-24T20:21:40-07:00,1,14
global.js,29,js,aaf997cb,Sahar Zahir,2026-04-24,20:21:40,-07:00,2026-04-24T20:21:40-07:00,1,18
global.js,30,js,f2082690,Sahar Zahir,2026-04-16,23:29:16,-07:00,2026-04-16T23:29:16-07:00,0,0
global.js,31,js,aaf997cb,Sahar Zahir,2026-04-24,20:21:40,-07:00,2026-04-24T20:21:40-07:00,1,52
global.js,32,js,aaf997cb,Sahar Zahir,2026-04-24,20:21:40,-07:00,2026-04-24T20:21:40-07:00,0,0
global.js,33,js,aaf997cb,Sahar Zahir,2026-04-24,20:21:40,-07:00,2026-04-24T20:21:40-07:00,1,34
global.js,34,js,aaf997cb,Sahar Zahir,2026-04-24,20:21:40,-07:00,2026-04-24T20:21:40-07:00,1,11
global.js,35,js,aaf997cb,Sahar Zahir,2026-04-24,20:21:40,-07:00,2026-04-24T20:21:40-07:00,1,20
global.js,36,js,aaf997cb,Sahar Zahir,2026-04-24,20:21:40,-07:00,2026-04-24T20:21:40-07:00,0,0
global.js,37,js,aaf997cb,Sahar Zahir,2026-04-24,20:21:40,-07:00,2026-04-24T20:21:40-07:00,1,65
global.js,38,js,aaf997cb,Sahar Zahir,2026-04-24,20:21:40,-07:00,2026-04-24T20:21:40-07:00,2,25
global.js,39,js,aaf997cb,Sahar Zahir,2026-04-24,20:21:40,-07:00,2026-04-24T20:21:40-07:00,1,0
global.js,40,js,f2082690,Sahar Zahir,2026-04-16,23:29:16,-07:00,2026-04-16T23:29:16-07:00,0,0
global.js,41,js,aaf997cb,Sahar Zahir,2026-04-24,20:21:40,-07:00,2026-04-24T20:21:40-07:00,1,29
global.js,42,js,aaf997cb,Sahar Zahir,2026-04-24,20:21:40,-07:00,2026-04-24T20:21:40-07:00,2,18
global.js,43,js,aaf997cb,Sahar Zahir,2026-04-24,20:21:40,-07:00,2026-04-24T20:21:40-07:00,1,0
global.js,44,js,aaf997cb,Sahar Zahir,2026-04-24,20:21:40,-07:00,2026-04-24T20:21:40-07:00,0,0
global.js,45,js,aaf997cb,Sahar Zahir,2026-04-24,20:21:40,-07:00,2026-04-24T20:21:40-07:00,1,12
global.js,46,js,bc75480d,Sahar Zahir,2026-04-17,15:58:06,-07:00,2026-04-17T15:58:06-07:00,0,0
global.js,47,js,bc75480d,Sahar Zahir,2026-04-17,15:58:06,-07:00,2026-04-17T15:58:06-07:00,0,0
global.js,48,js,bc75480d,Sahar Zahir,2026-04-17,15:58:06,-07:00,2026-04-17T15:58:06-07:00,0,31
global.js,49,js,aaf997cb,Sahar Zahir,2026-04-24,20:21:40,-07:00,2026-04-24T20:21:40-07:00,1,11
global.js,50,js,aaf997cb,Sahar Zahir,2026-04-24,20:21:40,-07:00,2026-04-24T20:21:40-07:00,1,0
global.js,51,js,aaf997cb,Sahar Zahir,2026-04-24,20:21:40,-07:00,2026-04-24T20:21:40-07:00,1,26
global.js,52,js,bc75480d,Sahar Zahir,2026-04-17,15:58:06,-07:00,2026-04-17T15:58:06-07:00,2,4
global.js,53,js,bc75480d,Sahar Zahir,2026-04-17,15:58:06,-07:00,2026-04-17T15:58:06-07:00,2,6
global.js,54,js,aaf997cb,Sahar Zahir,2026-04-24,20:21:40,-07:00,2026-04-24T20:21:40-07:00,3,43
global.js,55,js,aaf997cb,Sahar Zahir,2026-04-24,20:21:40,-07:00,2026-04-24T20:21:40-07:00,3,34
global.js,56,js,aaf997cb,Sahar Zahir,2026-04-24,20:21:40,-07:00,2026-04-24T20:21:40-07:00,3,32
global.js,57,js,aaf997cb,Sahar Zahir,2026-04-24,20:21:40,-07:00,2026-04-24T20:21:40-07:00,2,7
global.js,58,js,aaf997cb,Sahar Zahir,2026-04-24,20:21:40,-07:00,2026-04-24T20:21:40-07:00,1,6
global.js,59,js,aaf997cb,Sahar Zahir,2026-04-24,20:21:40,-07:00,2026-04-24T20:21:40-07:00,1,0
global.js,60,js,2d0653a8,Sahar Zahir,2026-04-17,21:06:39,-07:00,2026-04-17T21:06:39-07:00,0,0
global.js,61,js,2d0653a8,Sahar Zahir,2026-04-17,21:06:39,-07:00,2026-04-17T21:06:39-07:00,0,0
global.js,62,js,67fb4d75,Sahar Zahir,2026-04-17,21:22:48,-07:00,2026-04-17T21:22:48-07:00,0,58
global.js,63,js,2d0653a8,Sahar Zahir,2026-04-17,21:06:39,-07:00,2026-04-17T21:06:39-07:00,0,0
global.js,64,js,2d0653a8,Sahar Zahir,2026-04-17,21:06:39,-07:00,2026-04-17T21:06:39-07:00,0,49
global.js,65,js,aaf997cb,Sahar Zahir,2026-04-24,20:21:40,-07:00,2026-04-24T20:21:40-07:00,1,77
global.js,66,js,aaf997cb,Sahar Zahir,2026-04-24,20:21:40,-07:00,2026-04-24T20:21:40-07:00,1,44
global.js,67,js,dad5ce61,Sahar Zahir,2026-04-17,21:39:20,-07:00,2026-04-17T21:39:20-07:00,0,1
global.js,68,js,dad5ce61,Sahar Zahir,2026-04-17,21:39:20,-07:00,2026-04-17T21:39:20-07:00,0,0
global.js,69,js,dad5ce61,Sahar Zahir,2026-04-17,21:39:20,-07:00,2026-04-17T21:39:20-07:00,0,34
global.js,70,js,aaf997cb,Sahar Zahir,2026-04-24,20:21:40,-07:00,2026-04-24T20:21:40-07:00,1,83
global.js,71,js,aaf997cb,Sahar Zahir,2026-04-24,20:21:40,-07:00,2026-04-24T20:21:40-07:00,1,38
global.js,72,js,d13b2b3e,Sahar Zahir,2026-04-24,19:41:33,-07:00,2026-04-24T19:41:33-07:00,0,0
global.js,73,js,d13b2b3e,Sahar Zahir,2026-04-24,19:41:33,-07:00,2026-04-24T19:41:33-07:00,0,0
global.js,74,js,d13b2b3e,Sahar Zahir,2026-04-24,19:41:33,-07:00,2026-04-24T19:41:33-07:00,0,36
global.js,75,js,d13b2b3e,Sahar Zahir,2026-04-24,19:41:33,-07:00,2026-04-24T19:41:33-07:00,1,3
global.js,76,js,d13b2b3e,Sahar Zahir,2026-04-24,19:41:33,-07:00,2026-04-24T19:41:33-07:00,2,32
global.js,77,js,d13b2b3e,Sahar Zahir,2026-04-24,19:41:33,-07:00,2026-04-24T19:41:33-07:00,0,0
global.js,78,js,d13b2b3e,Sahar Zahir,2026-04-24,19:41:33,-07:00,2026-04-24T19:41:33-07:00,2,17
global.js,79,js,d13b2b3e,Sahar Zahir,2026-04-24,19:41:33,-07:00,2026-04-24T19:41:33-07:00,3,66
global.js,80,js,d13b2b3e,Sahar Zahir,2026-04-24,19:41:33,-07:00,2026-04-24T19:41:33-07:00,2,0
global.js,81,js,d13b2b3e,Sahar Zahir,2026-04-24,19:41:33,-07:00,2026-04-24T19:41:33-07:00,0,0
global.js,82,js,d13b2b3e,Sahar Zahir,2026-04-24,19:41:33,-07:00,2026-04-24T19:41:33-07:00,2,33
global.js,83,js,d13b2b3e,Sahar Zahir,2026-04-24,19:41:33,-07:00,2026-04-24T19:41:33-07:00,2,10
global.js,84,js,d13b2b3e,Sahar Zahir,2026-04-24,19:41:33,-07:00,2026-04-24T19:41:33-07:00,1,15
global.js,85,js,aaf997cb,Sahar Zahir,2026-04-24,20:21:40,-07:00,2026-04-24T20:21:40-07:00,2,59
global.js,86,js,d13b2b3e,Sahar Zahir,2026-04-24,19:41:33,-07:00,2026-04-24T19:41:33-07:00,1,0
global.js,87,js,e4fc5676,Sahar Zahir,2026-04-24,19:51:10,-07:00,2026-04-24T19:51:10-07:00,0,0
global.js,88,js,e4fc5676,Sahar Zahir,2026-04-24,19:51:10,-07:00,2026-04-24T19:51:10-07:00,0,0
global.js,89,js,aaf997cb,Sahar Zahir,2026-04-24,20:21:40,-07:00,2026-04-24T20:21:40-07:00,0,79
global.js,90,js,aaf997cb,Sahar Zahir,2026-04-24,20:21:40,-07:00,2026-04-24T20:21:40-07:00,1,30
global.js,91,js,e4fc5676,Sahar Zahir,2026-04-24,19:51:10,-07:00,2026-04-24T19:51:10-07:00,0,0
global.js,92,js,aaf997cb,Sahar Zahir,2026-04-24,20:21:40,-07:00,2026-04-24T20:21:40-07:00,1,29
global.js,93,js,aaf997cb,Sahar Zahir,2026-04-24,20:21:40,-07:00,2026-04-24T20:21:40-07:00,2,48
global.js,94,js,e4fc5676,Sahar Zahir,2026-04-24,19:51:10,-07:00,2026-04-24T19:51:10-07:00,0,0
global.js,95,js,aaf997cb,Sahar Zahir,2026-04-24,20:21:40,-07:00,2026-04-24T20:21:40-07:00,2,19
global.js,96,js,aaf997cb,Sahar Zahir,2026-04-24,20:21:40,-07:00,2026-04-24T20:21:40-07:00,3,49
global.js,97,js,aaf997cb,Sahar Zahir,2026-04-24,20:21:40,-07:00,2026-04-24T20:21:40-07:00,3,49
global.js,98,js,cf6561fa,Sahar Zahir,2026-05-01,15:35:09,-07:00,2026-05-01T15:35:09-07:00,0,0
global.js,99,js,cf6561fa,Sahar Zahir,2026-05-01,15:35:09,-07:00,2026-05-01T15:35:09-07:00,3,24
global.js,100,js,aaf997cb,Sahar Zahir,2026-04-24,20:21:40,-07:00,2026-04-24T20:21:40-07:00,3,27
global.js,101,js,cf6561fa,Sahar Zahir,2026-05-01,15:35:09,-07:00,2026-05-01T15:35:09-07:00,3,33
global.js,102,js,cf6561fa,Sahar Zahir,2026-05-01,15:35:09,-07:00,2026-05-01T15:35:09-07:00,3,4
global.js,103,js,aaf997cb,Sahar Zahir,2026-04-24,20:21:40,-07:00,2026-04-24T20:21:40-07:00,2,0
global.js,104,js,aaf997cb,Sahar Zahir,2026-04-24,20:21:40,-07:00,2026-04-24T20:21:40-07:00,0,0
global.js,105,js,aaf997cb,Sahar Zahir,2026-04-24,20:21:40,-07:00,2026-04-24T20:21:40-07:00,2,36
global.js,106,js,aaf997cb,Sahar Zahir,2026-04-24,20:21:40,-07:00,2026-04-24T20:21:40-07:00,1,0
global.js,107,js,9c7acc76,Sahar Zahir,2026-04-24,22:21:06,-07:00,2026-04-24T22:21:06-07:00,0,0
global.js,108,js,9c7acc76,Sahar Zahir,2026-04-24,22:21:06,-07:00,2026-04-24T22:21:06-07:00,0,0
global.js,109,js,8f4ea1d3,Sahar Zahir,2026-04-24,22:37:24,-07:00,2026-04-24T22:37:24-07:00,0,47
global.js,110,js,8f4ea1d3,Sahar Zahir,2026-04-24,22:37:24,-07:00,2026-04-24T22:37:24-07:00,1,59
global.js,111,js,8f4ea1d3,Sahar Zahir,2026-04-24,22:37:24,-07:00,2026-04-24T22:37:24-07:00,0,0
Resume/index.html,1,html,e8ab5ab7,Sahar Zahir,2026-04-03,16:10:03,-07:00,2026-04-03T16:10:03-07:00,0,13
Resume/index.html,2,html,e8ab5ab7,Sahar Zahir,2026-04-03,16:10:03,-07:00,2026-04-03T16:10:03-07:00,0,14
Resume/index.html,3,html,e8ab5ab7,Sahar Zahir,2026-04-03,16:10:03,-07:00,2026-04-03T16:10:03-07:00,0,4
Resume/index.html,4,html,e8ab5ab7,Sahar Zahir,2026-04-03,16:10:03,-07:00,2026-04-03T16:10:03-07:00,1,22
Resume/index.html,5,html,e8ab5ab7,Sahar Zahir,2026-04-03,16:10:03,-07:00,2026-04-03T16:10:03-07:00,1,70
Resume/index.html,6,html,e8ab5ab7,Sahar Zahir,2026-04-03,16:10:03,-07:00,2026-04-03T16:10:03-07:00,1,19
Resume/index.html,7,html,e8ab5ab7,Sahar Zahir,2026-04-03,16:10:03,-07:00,2026-04-03T16:10:03-07:00,1,43
Resume/index.html,8,html,7aa98ab9,Sahar Zahir,2026-04-16,22:59:44,-07:00,2026-04-16T22:59:44-07:00,1,52
Resume/index.html,9,html,e8ab5ab7,Sahar Zahir,2026-04-03,16:10:03,-07:00,2026-04-03T16:10:03-07:00,0,5
Resume/index.html,10,html,e8ab5ab7,Sahar Zahir,2026-04-03,16:10:03,-07:00,2026-04-03T16:10:03-07:00,0,0
Resume/index.html,11,html,e8ab5ab7,Sahar Zahir,2026-04-03,16:10:03,-07:00,2026-04-03T16:10:03-07:00,0,4
Resume/index.html,12,html,1c8c8347,Sahar Zahir,2026-04-03,16:47:15,-07:00,2026-04-03T16:47:15-07:00,0,0
Resume/index.html,13,html,5ad0bceb,Sahar Zahir,2026-04-10,15:24:11,-07:00,2026-04-10T15:24:11-07:00,1,4
Resume/index.html,14,html,5ad0bceb,Sahar Zahir,2026-04-10,15:24:11,-07:00,2026-04-10T15:24:11-07:00,2,6
Resume/index.html,15,html,5ad0bceb,Sahar Zahir,2026-04-10,15:24:11,-07:00,2026-04-10T15:24:11-07:00,3,18
Resume/index.html,16,html,5ad0bceb,Sahar Zahir,2026-04-10,15:24:11,-07:00,2026-04-10T15:24:11-07:00,3,1
Resume/index.html,17,html,5ad0bceb,Sahar Zahir,2026-04-10,15:24:11,-07:00,2026-04-10T15:24:11-07:00,4,36
Resume/index.html,18,html,5ad0bceb,Sahar Zahir,2026-04-10,15:24:11,-07:00,2026-04-10T15:24:11-07:00,4,70
Resume/index.html,19,html,5ad0bceb,Sahar Zahir,2026-04-10,15:24:11,-07:00,2026-04-10T15:24:11-07:00,4,71
Resume/index.html,20,html,5ad0bceb,Sahar Zahir,2026-04-10,15:24:11,-07:00,2026-04-10T15:24:11-07:00,4,91
Resume/index.html,21,html,5ad0bceb,Sahar Zahir,2026-04-10,15:24:11,-07:00,2026-04-10T15:24:11-07:00,3,2
Resume/index.html,22,html,5ad0bceb,Sahar Zahir,2026-04-10,15:24:11,-07:00,2026-04-10T15:24:11-07:00,3,1
Resume/index.html,23,html,5ad0bceb,Sahar Zahir,2026-04-10,15:24:11,-07:00,2026-04-10T15:24:11-07:00,4,67
Resume/index.html,24,html,5ad0bceb,Sahar Zahir,2026-04-10,15:24:11,-07:00,2026-04-10T15:24:11-07:00,3,2
Resume/index.html,25,html,5ad0bceb,Sahar Zahir,2026-04-10,15:24:11,-07:00,2026-04-10T15:24:11-07:00,2,7
Resume/index.html,26,html,cfe6913d,Sahar Zahir,2026-04-03,17:04:25,-07:00,2026-04-03T17:04:25-07:00,0,0
Resume/index.html,27,html,5ad0bceb,Sahar Zahir,2026-04-10,15:24:11,-07:00,2026-04-10T15:24:11-07:00,2,7
Resume/index.html,28,html,5ad0bceb,Sahar Zahir,2026-04-10,15:24:11,-07:00,2026-04-10T15:24:11-07:00,3,17
Resume/index.html,29,html,5ad0bceb,Sahar Zahir,2026-04-10,15:24:11,-07:00,2026-04-10T15:24:11-07:00,3,7
Resume/index.html,30,html,5ad0bceb,Sahar Zahir,2026-04-10,15:24:11,-07:00,2026-04-10T15:24:11-07:00,4,43
Resume/index.html,31,html,5ad0bceb,Sahar Zahir,2026-04-10,15:24:11,-07:00,2026-04-10T15:24:11-07:00,4,42
Resume/index.html,32,html,865d2843,Sahar Zahir,2026-04-10,16:10:45,-07:00,2026-04-10T16:10:45-07:00,4,29
Resume/index.html,33,html,5ad0bceb,Sahar Zahir,2026-04-10,15:24:11,-07:00,2026-04-10T15:24:11-07:00,3,8
Resume/index.html,34,html,5ad0bceb,Sahar Zahir,2026-04-10,15:24:11,-07:00,2026-04-10T15:24:11-07:00,2,8
Resume/index.html,35,html,5ad0bceb,Sahar Zahir,2026-04-10,15:24:11,-07:00,2026-04-10T15:24:11-07:00,0,0
Resume/index.html,36,html,5ad0bceb,Sahar Zahir,2026-04-10,15:24:11,-07:00,2026-04-10T15:24:11-07:00,2,7
Resume/index.html,37,html,5ad0bceb,Sahar Zahir,2026-04-10,15:24:11,-07:00,2026-04-10T15:24:11-07:00,3,23
Resume/index.html,38,html,5ad0bceb,Sahar Zahir,2026-04-10,15:24:11,-07:00,2026-04-10T15:24:11-07:00,3,2
Resume/index.html,39,html,5ad0bceb,Sahar Zahir,2026-04-10,15:24:11,-07:00,2026-04-10T15:24:11-07:00,4,65
Resume/index.html,40,html,5ad0bceb,Sahar Zahir,2026-04-10,15:24:11,-07:00,2026-04-10T15:24:11-07:00,4,88
Resume/index.html,41,html,5ad0bceb,Sahar Zahir,2026-04-10,15:24:11,-07:00,2026-04-10T15:24:11-07:00,4,53
Resume/index.html,42,html,5ad0bceb,Sahar Zahir,2026-04-10,15:24:11,-07:00,2026-04-10T15:24:11-07:00,3,3
Resume/index.html,43,html,5ad0bceb,Sahar Zahir,2026-04-10,15:24:11,-07:00,2026-04-10T15:24:11-07:00,2,8
Resume/index.html,44,html,5ad0bceb,Sahar Zahir,2026-04-10,15:24:11,-07:00,2026-04-10T15:24:11-07:00,0,0
Resume/index.html,45,html,5ad0bceb,Sahar Zahir,2026-04-10,15:24:11,-07:00,2026-04-10T15:24:11-07:00,2,7
Resume/index.html,46,html,5ad0bceb,Sahar Zahir,2026-04-10,15:24:11,-07:00,2026-04-10T15:24:11-07:00,3,15
Resume/index.html,47,html,5ad0bceb,Sahar Zahir,2026-04-10,15:24:11,-07:00,2026-04-10T15:24:11-07:00,3,7
Resume/index.html,48,html,5ad0bceb,Sahar Zahir,2026-04-10,15:24:11,-07:00,2026-04-10T15:24:11-07:00,4,43
Resume/index.html,49,html,5ad0bceb,Sahar Zahir,2026-04-10,15:24:11,-07:00,2026-04-10T15:24:11-07:00,4,1
Resume/index.html,50,html,5ad0bceb,Sahar Zahir,2026-04-10,15:24:11,-07:00,2026-04-10T15:24:11-07:00,5,70
Resume/index.html,51,html,5ad0bceb,Sahar Zahir,2026-04-10,15:24:11,-07:00,2026-04-10T15:24:11-07:00,5,67
Resume/index.html,52,html,5ad0bceb,Sahar Zahir,2026-04-10,15:24:11,-07:00,2026-04-10T15:24:11-07:00,4,2
Resume/index.html,53,html,5ad0bceb,Sahar Zahir,2026-04-10,15:24:11,-07:00,2026-04-10T15:24:11-07:00,3,8
Resume/index.html,54,html,5ad0bceb,Sahar Zahir,2026-04-10,15:24:11,-07:00,2026-04-10T15:24:11-07:00,0,0
Resume/index.html,55,html,5ad0bceb,Sahar Zahir,2026-04-10,15:24:11,-07:00,2026-04-10T15:24:11-07:00,3,7
Resume/index.html,56,html,5ad0bceb,Sahar Zahir,2026-04-10,15:24:11,-07:00,2026-04-10T15:24:11-07:00,4,45
Resume/index.html,57,html,5ad0bceb,Sahar Zahir,2026-04-10,15:24:11,-07:00,2026-04-10T15:24:11-07:00,4,1
Resume/index.html,58,html,5ad0bceb,Sahar Zahir,2026-04-10,15:24:11,-07:00,2026-04-10T15:24:11-07:00,5,64
Resume/index.html,59,html,5ad0bceb,Sahar Zahir,2026-04-10,15:24:11,-07:00,2026-04-10T15:24:11-07:00,5,62
Resume/index.html,60,html,5ad0bceb,Sahar Zahir,2026-04-10,15:24:11,-07:00,2026-04-10T15:24:11-07:00,4,2
Resume/index.html,61,html,5ad0bceb,Sahar Zahir,2026-04-10,15:24:11,-07:00,2026-04-10T15:24:11-07:00,3,8
Resume/index.html,62,html,5ad0bceb,Sahar Zahir,2026-04-10,15:24:11,-07:00,2026-04-10T15:24:11-07:00,0,0
Resume/index.html,63,html,5ad0bceb,Sahar Zahir,2026-04-10,15:24:11,-07:00,2026-04-10T15:24:11-07:00,3,7
Resume/index.html,64,html,5ad0bceb,Sahar Zahir,2026-04-10,15:24:11,-07:00,2026-04-10T15:24:11-07:00,4,33
Resume/index.html,65,html,5ad0bceb,Sahar Zahir,2026-04-10,15:24:11,-07:00,2026-04-10T15:24:11-07:00,4,1
Resume/index.html,66,html,5ad0bceb,Sahar Zahir,2026-04-10,15:24:11,-07:00,2026-04-10T15:24:11-07:00,5,66
Resume/index.html,67,html,5ad0bceb,Sahar Zahir,2026-04-10,15:24:11,-07:00,2026-04-10T15:24:11-07:00,5,64
Resume/index.html,68,html,5ad0bceb,Sahar Zahir,2026-04-10,15:24:11,-07:00,2026-04-10T15:24:11-07:00,4,2
Resume/index.html,69,html,5ad0bceb,Sahar Zahir,2026-04-10,15:24:11,-07:00,2026-04-10T15:24:11-07:00,3,8
Resume/index.html,70,html,5ad0bceb,Sahar Zahir,2026-04-10,15:24:11,-07:00,2026-04-10T15:24:11-07:00,2,8
Resume/index.html,71,html,5ad0bceb,Sahar Zahir,2026-04-10,15:24:11,-07:00,2026-04-10T15:24:11-07:00,0,0
Resume/index.html,72,html,5ad0bceb,Sahar Zahir,2026-04-10,15:24:11,-07:00,2026-04-10T15:24:11-07:00,2,7
Resume/index.html,73,html,5ad0bceb,Sahar Zahir,2026-04-10,15:24:11,-07:00,2026-04-10T15:24:11-07:00,3,30
Resume/index.html,74,html,5ad0bceb,Sahar Zahir,2026-04-10,15:24:11,-07:00,2026-04-10T15:24:11-07:00,3,7
Resume/index.html,75,html,5ad0bceb,Sahar Zahir,2026-04-10,15:24:11,-07:00,2026-04-10T15:24:11-07:00,4,34
Resume/index.html,76,html,5ad0bceb,Sahar Zahir,2026-04-10,15:24:11,-07:00,2026-04-10T15:24:11-07:00,4,33
Resume/index.html,77,html,5ad0bceb,Sahar Zahir,2026-04-10,15:24:11,-07:00,2026-04-10T15:24:11-07:00,4,2
Resume/index.html,78,html,5ad0bceb,Sahar Zahir,2026-04-10,15:24:11,-07:00,2026-04-10T15:24:11-07:00,5,76
Resume/index.html,79,html,5ad0bceb,Sahar Zahir,2026-04-10,15:24:11,-07:00,2026-04-10T15:24:11-07:00,5,74
Resume/index.html,80,html,5ad0bceb,Sahar Zahir,2026-04-10,15:24:11,-07:00,2026-04-10T15:24:11-07:00,5,74
Resume/index.html,81,html,5ad0bceb,Sahar Zahir,2026-04-10,15:24:11,-07:00,2026-04-10T15:24:11-07:00,4,3
Resume/index.html,82,html,5ad0bceb,Sahar Zahir,2026-04-10,15:24:11,-07:00,2026-04-10T15:24:11-07:00,3,8
Resume/index.html,83,html,5ad0bceb,Sahar Zahir,2026-04-10,15:24:11,-07:00,2026-04-10T15:24:11-07:00,2,8
Resume/index.html,84,html,5ad0bceb,Sahar Zahir,2026-04-10,15:24:11,-07:00,2026-04-10T15:24:11-07:00,0,0
Resume/index.html,85,html,5ad0bceb,Sahar Zahir,2026-04-10,15:24:11,-07:00,2026-04-10T15:24:11-07:00,2,7
Resume/index.html,86,html,5ad0bceb,Sahar Zahir,2026-04-10,15:24:11,-07:00,2026-04-10T15:24:11-07:00,3,16
Resume/index.html,87,html,5ad0bceb,Sahar Zahir,2026-04-10,15:24:11,-07:00,2026-04-10T15:24:11-07:00,3,1
Resume/index.html,88,html,5ad0bceb,Sahar Zahir,2026-04-10,15:24:11,-07:00,2026-04-10T15:24:11-07:00,4,61
Resume/index.html,89,html,5ad0bceb,Sahar Zahir,2026-04-10,15:24:11,-07:00,2026-04-10T15:24:11-07:00,4,40
Resume/index.html,90,html,5ad0bceb,Sahar Zahir,2026-04-10,15:24:11,-07:00,2026-04-10T15:24:11-07:00,3,2
Resume/index.html,91,html,5ad0bceb,Sahar Zahir,2026-04-10,15:24:11,-07:00,2026-04-10T15:24:11-07:00,2,8
Resume/index.html,92,html,5ad0bceb,Sahar Zahir,2026-04-10,15:24:11,-07:00,2026-04-10T15:24:11-07:00,1,5
Resume/index.html,93,html,cfe6913d,Sahar Zahir,2026-04-03,17:04:25,-07:00,2026-04-03T17:04:25-07:00,0,0
Resume/index.html,94,html,cfe6913d,Sahar Zahir,2026-04-03,17:04:25,-07:00,2026-04-03T17:04:25-07:00,0,5
Resume/index.html,95,html,cfe6913d,Sahar Zahir,2026-04-03,17:04:25,-07:00,2026-04-03T17:04:25-07:00,0,5
Projects/projects.js,1,js,e4fc5676,Sahar Zahir,2026-04-24,19:51:10,-07:00,2026-04-24T19:51:10-07:00,0,55
Projects/projects.js,2,js,8d6c7fe3,Sahar Zahir,2026-05-01,17:26:18,-07:00,2026-05-01T17:26:18-07:00,0,63
Projects/projects.js,3,js,e4fc5676,Sahar Zahir,2026-04-24,19:51:10,-07:00,2026-04-24T19:51:10-07:00,0,0
Projects/projects.js,4,js,e4fc5676,Sahar Zahir,2026-04-24,19:51:10,-07:00,2026-04-24T19:51:10-07:00,0,55
Projects/projects.js,5,js,e4fc5676,Sahar Zahir,2026-04-24,19:51:10,-07:00,2026-04-24T19:51:10-07:00,0,0
Projects/projects.js,6,js,e4fc5676,Sahar Zahir,2026-04-24,19:51:10,-07:00,2026-04-24T19:51:10-07:00,0,60
Projects/projects.js,7,js,e4fc5676,Sahar Zahir,2026-04-24,19:51:10,-07:00,2026-04-24T19:51:10-07:00,0,0
Projects/projects.js,8,js,3cfccb6c,Sahar Zahir,2026-04-24,22:00:54,-07:00,2026-04-24T22:00:54-07:00,0,48
Projects/projects.js,9,js,3cfccb6c,Sahar Zahir,2026-04-24,22:00:54,-07:00,2026-04-24T22:00:54-07:00,0,0
Projects/projects.js,10,js,3cfccb6c,Sahar Zahir,2026-04-24,22:00:54,-07:00,2026-04-24T22:00:54-07:00,0,54
Projects/projects.js,11,js,3cfccb6c,Sahar Zahir,2026-04-24,22:00:54,-07:00,2026-04-24T22:00:54-07:00,0,0
Projects/projects.js,12,js,3cfccb6c,Sahar Zahir,2026-04-24,22:00:54,-07:00,2026-04-24T22:00:54-07:00,0,10
Projects/projects.js,13,js,3cfccb6c,Sahar Zahir,2026-04-24,22:00:54,-07:00,2026-04-24T22:00:54-07:00,1,48
Projects/projects.js,14,js,8d6c7fe3,Sahar Zahir,2026-05-01,17:26:18,-07:00,2026-05-01T17:26:18-07:00,0,0
Projects/projects.js,15,js,8d6c7fe3,Sahar Zahir,2026-05-01,17:26:18,-07:00,2026-05-01T17:26:18-07:00,0,0
Projects/projects.js,16,js,5fee53e2,Sahar Zahir,2026-05-01,19:11:13,-07:00,2026-05-01T19:11:13-07:00,1,21
Projects/projects.js,17,js,5fee53e2,Sahar Zahir,2026-05-01,19:11:13,-07:00,2026-05-01T19:11:13-07:00,0,0
Projects/projects.js,18,js,859230f4,Sahar Zahir,2026-05-01,18:58:01,-07:00,2026-05-01T18:58:01-07:00,0,38
Projects/projects.js,19,js,859230f4,Sahar Zahir,2026-05-01,18:58:01,-07:00,2026-05-01T18:58:01-07:00,1,26
Projects/projects.js,20,js,859230f4,Sahar Zahir,2026-05-01,18:58:01,-07:00,2026-05-01T18:58:01-07:00,2,12
Projects/projects.js,21,js,859230f4,Sahar Zahir,2026-05-01,18:58:01,-07:00,2026-05-01T18:58:01-07:00,2,12
Projects/projects.js,22,js,859230f4,Sahar Zahir,2026-05-01,18:58:01,-07:00,2026-05-01T18:58:01-07:00,2,9
Projects/projects.js,23,js,859230f4,Sahar Zahir,2026-05-01,18:58:01,-07:00,2026-05-01T18:58:01-07:00,1,0
Projects/projects.js,24,js,859230f4,Sahar Zahir,2026-05-01,18:58:01,-07:00,2026-05-01T18:58:01-07:00,0,0
Projects/projects.js,25,js,859230f4,Sahar Zahir,2026-05-01,18:58:01,-07:00,2026-05-01T18:58:01-07:00,1,45
Projects/projects.js,26,js,859230f4,Sahar Zahir,2026-05-01,18:58:01,-07:00,2026-05-01T18:58:01-07:00,2,11
Projects/projects.js,27,js,859230f4,Sahar Zahir,2026-05-01,18:58:01,-07:00,2026-05-01T18:58:01-07:00,2,9
Projects/projects.js,28,js,859230f4,Sahar Zahir,2026-05-01,18:58:01,-07:00,2026-05-01T18:58:01-07:00,1,2
Projects/projects.js,29,js,5fee53e2,Sahar Zahir,2026-05-01,19:11:13,-07:00,2026-05-01T19:11:13-07:00,1,0
Projects/projects.js,30,js,859230f4,Sahar Zahir,2026-05-01,18:58:01,-07:00,2026-05-01T18:58:01-07:00,1,57
Projects/projects.js,31,js,859230f4,Sahar Zahir,2026-05-01,18:58:01,-07:00,2026-05-01T18:58:01-07:00,1,48
Projects/projects.js,32,js,859230f4,Sahar Zahir,2026-05-01,18:58:01,-07:00,2026-05-01T18:58:01-07:00,1,33
Projects/projects.js,33,js,859230f4,Sahar Zahir,2026-05-01,18:58:01,-07:00,2026-05-01T18:58:01-07:00,1,43
Projects/projects.js,34,js,859230f4,Sahar Zahir,2026-05-01,18:58:01,-07:00,2026-05-01T18:58:01-07:00,0,0
Projects/projects.js,35,js,859230f4,Sahar Zahir,2026-05-01,18:58:01,-07:00,2026-05-01T18:58:01-07:00,1,47
Projects/projects.js,36,js,859230f4,Sahar Zahir,2026-05-01,18:58:01,-07:00,2026-05-01T18:58:01-07:00,0,0
Projects/projects.js,37,js,859230f4,Sahar Zahir,2026-05-01,18:58:01,-07:00,2026-05-01T18:58:01-07:00,1,40
Projects/projects.js,38,js,859230f4,Sahar Zahir,2026-05-01,18:58:01,-07:00,2026-05-01T18:58:01-07:00,1,29
Projects/projects.js,39,js,859230f4,Sahar Zahir,2026-05-01,18:58:01,-07:00,2026-05-01T18:58:01-07:00,0,0
Projects/projects.js,40,js,859230f4,Sahar Zahir,2026-05-01,18:58:01,-07:00,2026-05-01T18:58:01-07:00,1,32
Projects/projects.js,41,js,859230f4,Sahar Zahir,2026-05-01,18:58:01,-07:00,2026-05-01T18:58:01-07:00,1,30
Projects/projects.js,42,js,859230f4,Sahar Zahir,2026-05-01,18:58:01,-07:00,2026-05-01T18:58:01-07:00,0,0
Projects/projects.js,43,js,859230f4,Sahar Zahir,2026-05-01,18:58:01,-07:00,2026-05-01T18:58:01-07:00,1,24
Projects/projects.js,44,js,eacb877e,Sahar Zahir,2026-05-01,19:15:16,-07:00,2026-05-01T19:15:16-07:00,1,16
Projects/projects.js,45,js,eacb877e,Sahar Zahir,2026-05-01,19:15:16,-07:00,2026-05-01T19:15:16-07:00,2,13
Projects/projects.js,46,js,eacb877e,Sahar Zahir,2026-05-01,19:15:16,-07:00,2026-05-01T19:15:16-07:00,2,22
Projects/projects.js,47,js,eacb877e,Sahar Zahir,2026-05-01,19:15:16,-07:00,2026-05-01T19:15:16-07:00,2,51
Projects/projects.js,48,js,eacb877e,Sahar Zahir,2026-05-01,19:15:16,-07:00,2026-05-01T19:15:16-07:00,2,18
Projects/projects.js,49,js,eacb877e,Sahar Zahir,2026-05-01,19:15:16,-07:00,2026-05-01T19:15:16-07:00,3,43
Projects/projects.js,50,js,eacb877e,Sahar Zahir,2026-05-01,19:15:16,-07:00,2026-05-01T19:15:16-07:00,0,0
Projects/projects.js,51,js,eacb877e,Sahar Zahir,2026-05-01,19:15:16,-07:00,2026-05-01T19:15:16-07:00,3,19
Projects/projects.js,52,js,eacb877e,Sahar Zahir,2026-05-01,19:15:16,-07:00,2026-05-01T19:15:16-07:00,4,66
Projects/projects.js,53,js,eacb877e,Sahar Zahir,2026-05-01,19:15:16,-07:00,2026-05-01T19:15:16-07:00,0,0
Projects/projects.js,54,js,eacb877e,Sahar Zahir,2026-05-01,19:15:16,-07:00,2026-05-01T19:15:16-07:00,3,20
Projects/projects.js,55,js,eacb877e,Sahar Zahir,2026-05-01,19:15:16,-07:00,2026-05-01T19:15:16-07:00,4,66
Projects/projects.js,56,js,eacb877e,Sahar Zahir,2026-05-01,19:15:16,-07:00,2026-05-01T19:15:16-07:00,0,0
Projects/projects.js,57,js,eacb877e,Sahar Zahir,2026-05-01,19:15:16,-07:00,2026-05-01T19:15:16-07:00,3,25
Projects/projects.js,58,js,eacb877e,Sahar Zahir,2026-05-01,19:15:16,-07:00,2026-05-01T19:15:16-07:00,4,53
Projects/projects.js,59,js,eacb877e,Sahar Zahir,2026-05-01,19:15:16,-07:00,2026-05-01T19:15:16-07:00,3,6
Projects/projects.js,60,js,eacb877e,Sahar Zahir,2026-05-01,19:15:16,-07:00,2026-05-01T19:15:16-07:00,4,43
Projects/projects.js,61,js,eacb877e,Sahar Zahir,2026-05-01,19:15:16,-07:00,2026-05-01T19:15:16-07:00,4,83
Projects/projects.js,62,js,eacb877e,Sahar Zahir,2026-05-01,19:15:16,-07:00,2026-05-01T19:15:16-07:00,4,56
Projects/projects.js,63,js,eacb877e,Sahar Zahir,2026-05-01,19:15:16,-07:00,2026-05-01T19:15:16-07:00,3,0
Projects/projects.js,64,js,eacb877e,Sahar Zahir,2026-05-01,19:15:16,-07:00,2026-05-01T19:15:16-07:00,2,1
Projects/projects.js,65,js,eacb877e,Sahar Zahir,2026-05-01,19:15:16,-07:00,2026-05-01T19:15:16-07:00,0,1
Projects/projects.js,66,js,a8f11e8b,Sahar Zahir,2026-05-01,18:26:09,-07:00,2026-05-01T18:26:09-07:00,0,0
Projects/projects.js,67,js,859230f4,Sahar Zahir,2026-05-01,18:58:01,-07:00,2026-05-01T18:58:01-07:00,1,22
Projects/projects.js,68,js,eacb877e,Sahar Zahir,2026-05-01,19:15:16,-07:00,2026-05-01T19:15:16-07:00,1,17
Projects/projects.js,69,js,eacb877e,Sahar Zahir,2026-05-01,19:15:16,-07:00,2026-05-01T19:15:16-07:00,2,36
Projects/projects.js,70,js,eacb877e,Sahar Zahir,2026-05-01,19:15:16,-07:00,2026-05-01T19:15:16-07:00,2,51
Projects/projects.js,71,js,eacb877e,Sahar Zahir,2026-05-01,19:15:16,-07:00,2026-05-01T19:15:16-07:00,2,69
Projects/projects.js,72,js,eacb877e,Sahar Zahir,2026-05-01,19:15:16,-07:00,2026-05-01T19:15:16-07:00,0,1
Projects/projects.js,73,js,859230f4,Sahar Zahir,2026-05-01,18:58:01,-07:00,2026-05-01T18:58:01-07:00,0,0
Projects/projects.js,74,js,a8f11e8b,Sahar Zahir,2026-05-01,18:26:09,-07:00,2026-05-01T18:26:09-07:00,0,0
Projects/projects.js,75,js,859230f4,Sahar Zahir,2026-05-01,18:58:01,-07:00,2026-05-01T18:58:01-07:00,0,23
Projects/projects.js,76,js,f0eed015,Sahar Zahir,2026-05-01,18:51:53,-07:00,2026-05-01T18:51:53-07:00,0,0
Projects/projects.js,77,js,f0eed015,Sahar Zahir,2026-05-01,18:51:53,-07:00,2026-05-01T18:51:53-07:00,0,13
Projects/projects.js,78,js,f0eed015,Sahar Zahir,2026-05-01,18:51:53,-07:00,2026-05-01T18:51:53-07:00,0,53
Projects/projects.js,79,js,f0eed015,Sahar Zahir,2026-05-01,18:51:53,-07:00,2026-05-01T18:51:53-07:00,0,0
Projects/projects.js,80,js,f0eed015,Sahar Zahir,2026-05-01,18:51:53,-07:00,2026-05-01T18:51:53-07:00,0,46
Projects/projects.js,81,js,f0eed015,Sahar Zahir,2026-05-01,18:51:53,-07:00,2026-05-01T18:51:53-07:00,1,25
Projects/projects.js,82,js,f0eed015,Sahar Zahir,2026-05-01,18:51:53,-07:00,2026-05-01T18:51:53-07:00,0,0
Projects/projects.js,83,js,f0eed015,Sahar Zahir,2026-05-01,18:51:53,-07:00,2026-05-01T18:51:53-07:00,1,49
Projects/projects.js,84,js,f0eed015,Sahar Zahir,2026-05-01,18:51:53,-07:00,2026-05-01T18:51:53-07:00,2,58
Projects/projects.js,85,js,f0eed015,Sahar Zahir,2026-05-01,18:51:53,-07:00,2026-05-01T18:51:53-07:00,2,42
Projects/projects.js,86,js,f0eed015,Sahar Zahir,2026-05-01,18:51:53,-07:00,2026-05-01T18:51:53-07:00,1,1
Projects/projects.js,87,js,f0eed015,Sahar Zahir,2026-05-01,18:51:53,-07:00,2026-05-01T18:51:53-07:00,0,0
Projects/projects.js,88,js,f0eed015,Sahar Zahir,2026-05-01,18:51:53,-07:00,2026-05-01T18:51:53-07:00,1,56
Projects/projects.js,89,js,859230f4,Sahar Zahir,2026-05-01,18:58:01,-07:00,2026-05-01T18:58:01-07:00,1,31
Projects/projects.js,90,js,1ac4115a,Sahar Zahir,2026-05-01,17:36:10,-07:00,2026-05-01T17:36:10-07:00,0,1
Projects/index.html,1,html,e8ab5ab7,Sahar Zahir,2026-04-03,16:10:03,-07:00,2026-04-03T16:10:03-07:00,0,13
Projects/index.html,2,html,e8ab5ab7,Sahar Zahir,2026-04-03,16:10:03,-07:00,2026-04-03T16:10:03-07:00,0,14
Projects/index.html,3,html,e8ab5ab7,Sahar Zahir,2026-04-03,16:10:03,-07:00,2026-04-03T16:10:03-07:00,0,4
Projects/index.html,4,html,80ae0f6b,Sahar Zahir,2026-05-01,15:50:33,-07:00,2026-05-01T15:50:33-07:00,0,0
Projects/index.html,5,html,e8ab5ab7,Sahar Zahir,2026-04-03,16:10:03,-07:00,2026-04-03T16:10:03-07:00,1,22
Projects/index.html,6,html,e8ab5ab7,Sahar Zahir,2026-04-03,16:10:03,-07:00,2026-04-03T16:10:03-07:00,1,70
Projects/index.html,7,html,e8ab5ab7,Sahar Zahir,2026-04-03,16:10:03,-07:00,2026-04-03T16:10:03-07:00,1,21
Projects/index.html,8,html,e8ab5ab7,Sahar Zahir,2026-04-03,16:10:03,-07:00,2026-04-03T16:10:03-07:00,1,43
Projects/index.html,9,html,aaf997cb,Sahar Zahir,2026-04-24,20:21:40,-07:00,2026-04-24T20:21:40-07:00,0,0
Projects/index.html,10,html,aaf997cb,Sahar Zahir,2026-04-24,20:21:40,-07:00,2026-04-24T20:21:40-07:00,1,48
Projects/index.html,11,html,aaf997cb,Sahar Zahir,2026-04-24,20:21:40,-07:00,2026-04-24T20:21:40-07:00,1,47
Projects/index.html,12,html,e8ab5ab7,Sahar Zahir,2026-04-03,16:10:03,-07:00,2026-04-03T16:10:03-07:00,0,5
Projects/index.html,13,html,e8ab5ab7,Sahar Zahir,2026-04-03,16:10:03,-07:00,2026-04-03T16:10:03-07:00,0,0
Projects/index.html,14,html,e8ab5ab7,Sahar Zahir,2026-04-03,16:10:03,-07:00,2026-04-03T16:10:03-07:00,0,4
Projects/index.html,15,html,e8ab5ab7,Sahar Zahir,2026-04-03,16:10:03,-07:00,2026-04-03T16:10:03-07:00,0,0
Projects/index.html,16,html,aaf997cb,Sahar Zahir,2026-04-24,20:21:40,-07:00,2026-04-24T20:21:40-07:00,1,38
Projects/index.html,17,html,e8ab5ab7,Sahar Zahir,2026-04-03,16:10:03,-07:00,2026-04-03T16:10:03-07:00,0,0
Projects/index.html,18,html,2c6f4507,Sahar Zahir,2026-05-01,19:49:24,-07:00,2026-05-01T19:49:24-07:00,1,21
Projects/index.html,19,html,f21f0bb5,Sahar Zahir,2026-05-01,19:55:06,-07:00,2026-05-01T19:55:06-07:00,2,58
Projects/index.html,20,html,f21f0bb5,Sahar Zahir,2026-05-01,19:55:06,-07:00,2026-05-01T19:55:06-07:00,2,22
Projects/index.html,21,html,f21f0bb5,Sahar Zahir,2026-05-01,19:55:06,-07:00,2026-05-01T19:55:06-07:00,1,4
Projects/index.html,22,html,f21f0bb5,Sahar Zahir,2026-05-01,19:55:06,-07:00,2026-05-01T19:55:06-07:00,0,0
Projects/index.html,23,html,f21f0bb5,Sahar Zahir,2026-05-01,19:55:06,-07:00,2026-05-01T19:55:06-07:00,1,4
Projects/index.html,24,html,f21f0bb5,Sahar Zahir,2026-05-01,19:55:06,-07:00,2026-05-01T19:55:06-07:00,2,15
Projects/index.html,25,html,f21f0bb5,Sahar Zahir,2026-05-01,19:55:06,-07:00,2026-05-01T19:55:06-07:00,2,11
Projects/index.html,26,html,f21f0bb5,Sahar Zahir,2026-05-01,19:55:06,-07:00,2026-05-01T19:55:06-07:00,2,26
Projects/index.html,27,html,f21f0bb5,Sahar Zahir,2026-05-01,19:55:06,-07:00,2026-05-01T19:55:06-07:00,2,31
Projects/index.html,28,html,f21f0bb5,Sahar Zahir,2026-05-01,19:55:06,-07:00,2026-05-01T19:55:06-07:00,1,0
Projects/index.html,29,html,f21f0bb5,Sahar Zahir,2026-05-01,19:55:06,-07:00,2026-05-01T19:55:06-07:00,0,0
Projects/index.html,30,html,f21f0bb5,Sahar Zahir,2026-05-01,19:55:06,-07:00,2026-05-01T19:55:06-07:00,1,26
Projects/index.html,31,html,80ae0f6b,Sahar Zahir,2026-05-01,15:50:33,-07:00,2026-05-01T15:50:33-07:00,0,0
Projects/index.html,32,html,7df2702e,Sahar Zahir,2026-04-10,17:31:59,-07:00,2026-04-10T17:31:59-07:00,0,5
Projects/index.html,33,html,aaf997cb,Sahar Zahir,2026-04-24,20:21:40,-07:00,2026-04-24T20:21:40-07:00,0,5
Contact/index.html,1,html,e8ab5ab7,Sahar Zahir,2026-04-03,16:10:03,-07:00,2026-04-03T16:10:03-07:00,0,13
Contact/index.html,2,html,e8ab5ab7,Sahar Zahir,2026-04-03,16:10:03,-07:00,2026-04-03T16:10:03-07:00,0,14
Contact/index.html,3,html,e8ab5ab7,Sahar Zahir,2026-04-03,16:10:03,-07:00,2026-04-03T16:10:03-07:00,0,4
Contact/index.html,4,html,e8ab5ab7,Sahar Zahir,2026-04-03,16:10:03,-07:00,2026-04-03T16:10:03-07:00,1,22
Contact/index.html,5,html,e8ab5ab7,Sahar Zahir,2026-04-03,16:10:03,-07:00,2026-04-03T16:10:03-07:00,1,70
Contact/index.html,6,html,e8ab5ab7,Sahar Zahir,2026-04-03,16:10:03,-07:00,2026-04-03T16:10:03-07:00,1,20
Contact/index.html,7,html,e8ab5ab7,Sahar Zahir,2026-04-03,16:10:03,-07:00,2026-04-03T16:10:03-07:00,1,43
Contact/index.html,8,html,7aa98ab9,Sahar Zahir,2026-04-16,22:59:44,-07:00,2026-04-16T22:59:44-07:00,1,52
Contact/index.html,9,html,e8ab5ab7,Sahar Zahir,2026-04-03,16:10:03,-07:00,2026-04-03T16:10:03-07:00,0,5
Contact/index.html,10,html,e8ab5ab7,Sahar Zahir,2026-04-03,16:10:03,-07:00,2026-04-03T16:10:03-07:00,0,0
Contact/index.html,11,html,e8ab5ab7,Sahar Zahir,2026-04-03,16:10:03,-07:00,2026-04-03T16:10:03-07:00,0,4
Contact/index.html,12,html,e8ab5ab7,Sahar Zahir,2026-04-03,16:10:03,-07:00,2026-04-03T16:10:03-07:00,0,0
Contact/index.html,13,html,e8ab5ab7,Sahar Zahir,2026-04-03,16:10:03,-07:00,2026-04-03T16:10:03-07:00,1,14
Contact/index.html,14,html,e8ab5ab7,Sahar Zahir,2026-04-03,16:10:03,-07:00,2026-04-03T16:10:03-07:00,0,0
Contact/index.html,15,html,e8ab5ab7,Sahar Zahir,2026-04-03,16:10:03,-07:00,2026-04-03T16:10:03-07:00,1,79
Contact/index.html,16,html,e8ab5ab7,Sahar Zahir,2026-04-03,16:10:03,-07:00,2026-04-03T16:10:03-07:00,0,0
Contact/index.html,17,html,e8ab5ab7,Sahar Zahir,2026-04-03,16:10:03,-07:00,2026-04-03T16:10:03-07:00,2,1
Contact/index.html,18,html,95865ee4,Sahar Zahir,2026-04-10,17:13:41,-07:00,2026-04-10T17:13:41-07:00,3,5
Contact/index.html,19,html,95865ee4,Sahar Zahir,2026-04-10,17:13:41,-07:00,2026-04-10T17:13:41-07:00,4,4
Contact/index.html,20,html,95865ee4,Sahar Zahir,2026-04-10,17:13:41,-07:00,2026-04-10T17:13:41-07:00,4,40
Contact/index.html,21,html,e8ab5ab7,Sahar Zahir,2026-04-03,16:10:03,-07:00,2026-04-03T16:10:03-07:00,3,6
Contact/index.html,22,html,e8ab5ab7,Sahar Zahir,2026-04-03,16:10:03,-07:00,2026-04-03T16:10:03-07:00,0,0
Contact/index.html,23,html,95865ee4,Sahar Zahir,2026-04-10,17:13:41,-07:00,2026-04-10T17:13:41-07:00,3,5
Contact/index.html,24,html,95865ee4,Sahar Zahir,2026-04-10,17:13:41,-07:00,2026-04-10T17:13:41-07:00,4,6
Contact/index.html,25,html,95865ee4,Sahar Zahir,2026-04-10,17:13:41,-07:00,2026-04-10T17:13:41-07:00,4,41
Contact/index.html,26,html,e8ab5ab7,Sahar Zahir,2026-04-03,16:10:03,-07:00,2026-04-03T16:10:03-07:00,3,6
Contact/index.html,27,html,95865ee4,Sahar Zahir,2026-04-10,17:13:41,-07:00,2026-04-10T17:13:41-07:00,1,0
Contact/index.html,28,html,95865ee4,Sahar Zahir,2026-04-10,17:13:41,-07:00,2026-04-10T17:13:41-07:00,3,5
Contact/index.html,29,html,95865ee4,Sahar Zahir,2026-04-10,17:13:41,-07:00,2026-04-10T17:13:41-07:00,4,6
Contact/index.html,30,html,95865ee4,Sahar Zahir,2026-04-10,17:13:41,-07:00,2026-04-10T17:13:41-07:00,4,51
Contact/index.html,31,html,e8ab5ab7,Sahar Zahir,2026-04-03,16:10:03,-07:00,2026-04-03T16:10:03-07:00,3,6
Contact/index.html,32,html,95865ee4,Sahar Zahir,2026-04-10,17:13:41,-07:00,2026-04-10T17:13:41-07:00,2,0
Contact/index.html,33,html,3757b33e,Sahar Zahir,2026-04-10,17:15:53,-07:00,2026-04-10T17:15:53-07:00,3,35
Contact/index.html,34,html,e8ab5ab7,Sahar Zahir,2026-04-03,16:10:03,-07:00,2026-04-03T16:10:03-07:00,0,0
Contact/index.html,35,html,e8ab5ab7,Sahar Zahir,2026-04-03,16:10:03,-07:00,2026-04-03T16:10:03-07:00,1,5
Contact/index.html,36,html,e8ab5ab7,Sahar Zahir,2026-04-03,16:10:03,-07:00,2026-04-03T16:10:03-07:00,0,0
Contact/index.html,37,html,e8ab5ab7,Sahar Zahir,2026-04-03,16:10:03,-07:00,2026-04-03T16:10:03-07:00,0,5
Contact/index.html,38,html,e8ab5ab7,Sahar Zahir,2026-04-03,16:10:03,-07:00,2026-04-03T16:10:03-07:00,0,5
